time_us,out_c1,out_c2,out_c3,out_c4,out_armed
1785119,1500,1500,1000,1500,0
1985039,1500,1500,1000,1500,0
2224943,1500,1500,1000,1500,0
2424863,1500,1500,1000,1500,0
2624783,1500,1500,1000,1500,0
2824703,1500,1500,1000,1500,0
3024623,1500,1500,1000,1500,0
3224543,1500,1500,1000,1500,0
3424463,1500,1500,1000,1500,0
3624383,1500,1500,1000,1500,0
3825136,1500,1500,1000,1500,0
4025056,1500,1500,1000,1500,0
4264960,1500,1500,1000,1500,0
4464880,1500,1500,1000,1500,0
4664800,1500,1500,1000,1500,0
4864720,1500,1500,1000,1500,0
5064640,1500,1500,1000,1500,0
5264560,1500,1500,1000,1500,0
5464480,1500,1500,1000,1500,0
5664400,1500,1500,1000,1500,0
5864320,1500,1500,1000,1500,0
6065073,1500,1500,1000,1500,0
6304977,1500,1500,1000,1500,0
6504897,1500,1500,1000,1500,0
6704817,1500,1500,1000,1500,0
6904737,1500,1500,1000,1500,0
7104657,1500,1500,1000,1500,0
7304577,1500,1500,1000,1500,0
7504497,1500,1500,1000,1500,0
7704417,1500,1500,1000,1500,0
7904337,1500,1500,1000,1500,0
8105090,1500,1500,1000,1500,0
8305010,1500,1500,1000,1500,0
8544914,1500,1500,1000,1500,0
8744834,1500,1500,1000,1500,0
8944754,1500,1500,1000,1500,0
9144674,1500,1500,1000,1500,0
9344594,1500,1500,1000,1500,0
9544514,1500,1500,1000,1500,0
9744434,1500,1500,1000,1500,0
9944354,1500,1500,1000,1500,0
10145107,1500,1500,1000,1500,0
10345027,1500,1500,1000,1500,0
10584931,1500,1500,1000,1500,0
10784851,1500,1500,1000,1500,0
10984771,1500,1500,1000,1500,0
11184691,1500,1500,1000,1500,0
11384611,1500,1500,1000,1500,0
11584531,1500,1500,1000,1500,0
11784451,1500,1500,1000,1500,0
11984371,1500,1500,1000,1500,0
12185124,1500,1500,1000,1500,0
12385044,1500,1500,1000,1500,0
12624948,1500,1500,1000,1500,0
12824868,1500,1500,1000,1500,0
13024788,1500,1500,1000,1500,0
13224708,1500,1500,1000,1500,0
13424628,1500,1500,1000,1500,0
13624548,1500,1500,1000,1500,0
13824468,1500,1500,1000,1500,0
14024388,1500,1500,1000,1500,0
14225141,1500,1500,1000,1500,0
14425061,1500,1500,1000,1500,0
14664965,1500,1500,1000,1500,0
14864885,1500,1500,1000,1500,0
15064805,1500,1500,1000,1500,0
15264725,1500,1500,1000,1500,0
15464645,1500,1500,1000,1500,0
15664565,1500,1500,1000,1500,0
15864485,1500,1500,1000,1500,0
16064405,1500,1500,1000,1500,0
16264325,1500,1500,1000,1500,0
16465078,1500,1500,1000,1500,0
16704982,1500,1500,1000,1500,0
16904902,1500,1500,1000,1500,0
17104822,1500,1500,1000,1500,0
17304742,1500,1500,1000,1500,0
17504662,1500,1500,1000,1500,0
17704582,1500,1500,1000,1500,0
17904502,1500,1500,1000,1500,0
18104422,1500,1500,1000,1500,0
18304342,1500,1500,1000,1500,0
18505095,1500,1500,1000,1500,0
18705015,1500,1500,1000,1500,0
18944919,1500,1500,1000,1500,0
19144839,1500,1500,1000,1500,0
19344759,1500,1500,1000,1500,0
19544679,1500,1500,1000,1500,0
19744599,1500,1500,1000,1500,0
19944519,1500,1500,1000,1500,0
20144439,1500,1500,1000,1500,0
20344359,1500,1500,1000,1500,0
20545112,1500,1500,1000,1500,0
20745032,1500,1500,1000,1500,0
20984936,1500,1500,1000,1500,0
21184856,1500,1500,1000,1500,0
21384776,1500,1500,1000,1500,0
21584696,1500,1500,1000,1500,0
21784616,1500,1500,1000,1500,0
21984536,1500,1500,1000,1500,0
22184456,1500,1500,1000,1500,0
22384376,1500,1500,1000,1500,0
22585129,1500,1500,1000,1500,0
22785049,1500,1500,1000,1500,0
23024953,1500,1500,1000,1500,0
23224873,1500,1500,1000,1500,0
23424793,1500,1500,1000,1500,0
23624713,1500,1500,1000,1500,0
23824633,1500,1500,1000,1500,0
24024553,1500,1500,1000,1500,0
24224473,1500,1612,1000,1500,0
24424393,1500,1612,1000,1500,0
24624313,1500,1612,1000,1500,0
24825066,1500,1612,1000,1500,0
25064970,1500,1612,1000,1500,0
25264890,1500,1612,1000,1500,0
25464810,1500,1612,1000,1500,0
25664730,1500,1612,1000,1500,0
25864650,1500,1612,1000,1500,0
26064570,1500,1612,1000,1500,0
26264490,1500,1612,1000,1500,1
26384442,1499,1637,1000,1500,1
26504394,1499,1637,1000,1500,1
26624346,1499,1637,1000,1500,1
26745131,1499,1637,1000,1500,1
26865083,1499,1637,1000,1500,1
26985035,1499,1637,1000,1500,1
27104987,1499,1637,1000,1645,1
27224939,1499,1637,1000,1645,1
27344891,1499,1100,1000,1645,1
27464843,1499,1100,1300,1645,1
27584795,1499,1100,1300,1645,1
27704747,1499,1100,1300,1645,1
27824699,1499,1100,1300,1645,1
27944651,1499,1100,1300,1645,1
28064603,1499,1100,1300,1645,1
28184555,1499,1100,1300,1645,1
28304507,1499,1100,1300,1645,1
28424459,1499,1100,1300,1645,1
28544411,1499,1100,1300,1645,1
28664363,1498,1100,1300,1645,1
28784315,1498,1100,1300,1645,1
28905100,1498,1100,1300,1645,1
29025052,1498,1100,1300,1645,1
29145004,1498,1100,1300,1645,1
29264956,1498,1100,1300,1645,1
29384908,1498,1100,1300,1645,1
29504860,1498,1100,1300,1645,1
29624812,1498,1100,1300,1645,1
29744764,1498,1100,1600,1501,1
29864716,1498,1100,1600,1501,1
29984668,1498,1100,1600,1501,1
30104620,1498,1100,1600,1501,1
30224572,1498,1100,1600,1501,1
30344524,1498,1100,1600,1501,1
30464476,1498,1100,1600,1501,1
30584428,1498,1100,1600,1501,1
30704380,1498,1100,1600,1501,1
30824332,1499,1100,1600,1500,1
30945117,1498,1100,1600,1500,1
31065069,1498,1100,1600,1501,1
31185021,1498,1100,2000,1501,1
31304973,1498,1100,2000,1501,1
31424925,1498,1100,2000,1501,1
31544877,1498,1100,2000,1501,1
31664829,1498,1100,2000,1501,1
31784781,1498,1100,2000,1500,1
31904733,1498,1100,2000,1501,1
32024685,1498,1100,2000,1501,1
32144637,1498,1100,2000,1501,1
32264589,1498,1100,2000,1501,1
32384541,1498,1100,2000,1501,1
32504493,1498,1100,2000,1501,1
32624445,1498,1100,2000,1501,1
32744397,1499,1240,2000,1500,1
32864349,1498,1446,2000,1501,1
32985134,1499,1606,2000,1500,1
33105086,1497,1675,2000,1501,1
33225038,1500,1659,2000,1500,1
33344990,1500,1590,2000,1500,1
33464942,1499,1517,2000,1500,1
33584894,1499,1465,2000,1500,1
33704846,1498,1446,2000,1501,1
33824798,1500,1454,2000,1500,1
33944750,1500,1740,2000,1500,1
34064702,1500,1772,2000,1500,1
34184654,1500,1690,2000,1500,1
34304606,1503,1577,2000,1499,1
34424558,1499,1488,2000,1500,1
34544510,1500,1439,2000,1500,1
34664462,1500,1441,2000,1500,1
34784414,1500,1471,2000,1500,1
34904366,1502,1508,2000,1499,1
35024318,1500,1536,2000,1500,1
35145103,1500,1529,1900,1500,1
35265055,1502,1533,1780,1499,1
35385007,1500,1551,1679,1500,1
35504959,1500,1564,1719,1500,1
35624911,1499,1576,1681,1500,1
35744863,1500,1572,1665,1500,1
35864815,1498,1547,1650,1500,1
35984767,1499,1518,1641,1500,1
36104719,1500,1500,1639,1500,1
36224671,1500,1504,1658,1500,1
36344623,1500,1521,1673,1500,1
36464575,1499,1541,1685,1500,1
36584527,1499,1549,1692,1500,1
36704479,1500,1545,1695,1500,1
36824431,1500,1530,1695,1500,1
36944383,1498,1517,1698,1501,1
37064335,1499,1515,1704,1500,1
37185120,1500,1521,1714,1500,1
37305072,1500,1530,1724,1500,1
37425024,1500,1537,1740,1500,1
37544976,1500,1537,1746,1500,1
37664928,1501,1532,1750,1500,1
37784880,1500,1525,1754,1500,1
37904832,1500,1521,1759,1500,1
38024784,1500,1519,1773,1500,1
38144736,1500,1524,1782,1500,1
38264688,1500,1528,1790,1500,1
38384640,1501,1533,1797,1500,1
38504592,1501,1534,1803,1500,1
38624544,1501,1533,1814,1500,1
38744496,1501,1527,1819,1500,1
38864448,1500,1523,1824,1500,1
38984400,1500,1521,1829,1500,1
39104352,1500,1525,1837,1500,1
39225137,1500,1530,1853,1500,1
39345089,1499,1533,1860,1500,1
39465041,1500,1534,1866,1500,1
39584993,1501,1531,1786,1500,1
39704945,1500,1530,1676,1500,1
39824897,1500,1545,1560,1500,1
39944849,1501,1560,1580,1500,1
40064801,1500,1571,1625,1500,1
40184753,1500,1573,1665,1500,1
40304705,1500,1545,1694,1500,1
40424657,1500,1506,1737,1500,1
40544609,1500,1483,1762,1500,1
40664561,1500,1477,1791,1500,1
40784513,1499,1496,1822,1500,1
40904465,1499,1522,1851,1500,1
41024417,1500,1543,1885,1500,1
41144369,1499,1547,1892,1500,1
41264321,1500,1535,1893,1500,1
41385106,1500,1519,1888,1500,1
41505058,1500,1508,1889,1500,1
41625010,1499,1513,1901,1500,1
41744962,1501,1528,1910,1500,1
41864914,1501,1540,1916,1500,1
41984866,1501,1542,1921,1500,1
42104818,1500,1535,1916,1500,1
42224770,1500,1527,1910,1500,1
42344722,1500,1522,1911,1500,1
42464674,1500,1526,1913,1500,1
42584626,1499,1530,1914,1500,1
42704578,1498,1537,1919,1500,1
42824530,1498,1539,1922,1501,1
42944482,1499,1536,1919,1500,1
43064434,1499,1532,1922,1500,1
43184386,1500,1528,1918,1500,1
43304338,1501,1527,1920,1500,1
43425123,1500,1531,1928,1500,1
43545075,1500,1535,1930,1500,1
43665027,1499,1538,1930,1500,1
43784979,1500,1537,1933,1500,1
43904931,1500,1535,1932,1500,1
44024883,1499,1530,1929,1500,1
44144835,1499,1528,1930,1500,1
44264787,1499,1529,1929,1500,1
44384739,1499,1531,1933,1500,1
44504691,1500,1536,1932,1500,1
44624643,1500,1539,1931,1500,1
44744595,1500,1536,1930,1500,1
44864547,1500,1533,1930,1500,1
44984499,1500,1533,1929,1500,1
45104451,1502,1532,1932,1499,1
45224403,1500,1531,1932,1500,1
45344355,1499,1531,1931,1500,1
45465140,1500,1533,1932,1500,1
45585092,1500,1536,1933,1500,1
45705044,1499,1536,1935,1500,1
45824996,1499,1537,1930,1500,1
45944948,1500,1536,1930,1500,1
46064900,1500,1535,1927,1500,1
46184852,1500,1532,1927,1500,1
46304804,1501,1532,1922,1500,1
46424756,1500,1535,1925,1500,1
46544708,1500,1535,1922,1500,1
46664660,1500,1531,1923,1500,1
46784612,1500,1528,1917,1500,1
46904564,1498,1530,1919,1501,1
47024516,1499,1534,1919,1500,1
47144468,1499,1537,1924,1500,1
47264420,1500,1537,1921,1500,1
47384372,1501,1536,1916,1500,1
47504324,1500,1533,1917,1500,1
47625109,1500,1531,1916,1500,1
47745061,1500,1528,1913,1500,1
47865013,1501,1532,1916,1500,1
47984965,1501,1537,1917,1500,1
48104917,1501,1539,1919,1500,1
48224869,1501,1536,1912,1500,1
48344821,1501,1534,1911,1500,1
48464773,1501,1532,1908,1500,1
48584725,1500,1532,1908,1500,1
48704677,1500,1533,1909,1500,1
48824629,1501,1535,1907,1500,1
48944581,1500,1536,1909,1500,1
49064533,1500,1537,1907,1500,1
49184485,1379,1533,1910,1560,1
49304437,1395,1526,1913,1552,1
49424389,1403,1518,1921,1548,1
49544341,1403,1513,1935,1548,1
49665126,1402,1508,1963,1549,1
49785078,1413,1497,2000,1543,1
49905030,1469,1473,1911,1515,1
50024982,1506,1451,1791,1497,1
50144934,1523,1449,1671,1489,1
50264886,1524,1463,1551,1488,1
50384838,1517,1488,1531,1492,1
50504790,1509,1516,1631,1496,1
50624742,1501,1545,1751,1500,1
50744694,1496,1557,1871,1502,1
50864646,1492,1549,1904,1504,1
50984598,1491,1522,1857,1504,1
51104550,1492,1494,1831,1504,1
51224502,1492,1465,1847,1504,1
51344454,1494,1443,1885,1503,1
51464406,1495,1432,1925,1502,1
51584358,1493,1427,1962,1503,1
51704310,1495,1435,1999,1502,1
51825095,1495,1444,1980,1502,1
51945047,1495,1458,1946,1502,1
52064999,1497,1479,2000,1501,1
52184951,1499,1490,1954,1500,1
52304903,1499,1495,2000,1500,1
52424855,1499,1493,1974,1500,1
52544807,1497,1490,1960,1501,1
52664759,1498,1487,2000,1501,1
52784711,1497,1487,1953,1501,1
52904663,1498,1489,2000,1501,1
53024615,1500,1488,1973,1500,1
53144567,1499,1489,1960,1500,1
53264519,1501,1490,2000,1500,1
53384471,1500,1492,1953,1500,1
53504423,1501,1492,2000,1500,1
53624375,1501,1495,1973,1500,1
53744327,1504,1496,1960,1498,1
53865112,1506,1498,2000,1497,1
53985064,1505,1500,1953,1498,1
54105016,1505,1501,2000,1498,1
54224968,1508,1504,1973,1496,1
54344920,1507,1506,1960,1497,1
54464872,1507,1508,2000,1497,1
54584824,1506,1509,1953,1497,1
54704776,1506,1509,2000,1497,1
54824728,1508,1512,1973,1496,1
54944680,1507,1513,1960,1497,1
55064632,1508,1514,2000,1496,1
55184584,1509,1515,1966,1496,1
55304536,1508,1513,2000,1496,1
55424488,1509,1514,1975,1496,1
55544440,1510,1517,1960,1495,1
55664392,1509,1519,1977,1496,1
55784344,1511,1528,1980,1495,1
55905129,1510,1532,1970,1495,1
56025081,1513,1529,1856,1494,1
56145033,1510,1532,1743,1495,1
56264985,1511,1544,1629,1495,1
56384937,1509,1556,1647,1496,1
56504889,1506,1564,1691,1497,1
56624841,1504,1563,1749,1498,1
56744793,1500,1534,1775,1500,1
56864745,1496,1504,1791,1502,1
56984697,1495,1481,1810,1502,1
57104649,1500,1468,1836,1500,1
57224601,1512,1473,1892,1494,1
57344553,1524,1492,1927,1488,1
57464505,1533,1516,1945,1484,1
57584457,1533,1535,1948,1484,1
57704409,1528,1544,1938,1486,1
57824361,1520,1541,1910,1490,1
57944313,1507,1533,1894,1497,1
58065098,1498,1525,1891,1501,1
58185050,1494,1519,1890,1503,1
58305002,1496,1519,1898,1502,1
58424954,1501,1522,1919,1500,1
58544906,1509,1526,1930,1496,1
58664858,1511,1527,1937,1495,1
58784810,1511,1526,1938,1495,1
58904762,1509,1524,1935,1496,1
59024714,1507,1524,1936,1497,1
59144666,1506,1528,1937,1497,1
59264618,1504,1533,1939,1498,1
59384570,1503,1535,1939,1499,1
59504522,1502,1534,1939,1500,1
59624474,1504,1528,1938,1498,1
59744426,1502,1524,1941,1499,1
59864378,1501,1525,1944,1500,1
59984330,1502,1526,1948,1499,1
60105115,1502,1531,1952,1499,1
60225067,1506,1531,1954,1497,1
60345019,1505,1531,1954,1498,1
60464971,1505,1531,1954,1498,1
60584923,1505,1530,1956,1498,1
60704875,1500,1530,1955,1500,1
60824827,1502,1530,1958,1499,1
60944779,1502,1531,1955,1499,1
61064731,1502,1533,1955,1499,1
61184683,1502,1534,1957,1500,1
61304635,1502,1534,1955,1499,1
61424587,1502,1530,1955,1499,1
61544539,1503,1529,1955,1499,1
61664491,1503,1527,1955,1499,1
61784443,1501,1526,1957,1500,1
61904395,1502,1529,1958,1499,1
62024347,1501,1532,1963,1500,1
62145132,1502,1536,1961,1499,1
62265084,1502,1535,1962,1499,1
62385036,1500,1534,1961,1500,1
62504988,1500,1530,1959,1500,1
62624940,1500,1525,1960,1500,1
62744892,1502,1523,1958,1499,1
62864844,1500,1527,1961,1500,1
62984796,1500,1535,1963,1500,1
63104748,1500,1539,1969,1500,1
63224700,1500,1536,1966,1500,1
63344652,1500,1530,1963,1500,1
63464604,1500,1527,1962,1500,1
63584556,1500,1527,1962,1500,1
63704508,1499,1529,1964,1500,1
63824460,1500,1534,1968,1500,1
63944412,1500,1536,1966,1500,1
64064364,1501,1537,1964,1500,1
64184316,1501,1536,1967,1500,1
64305101,1500,1538,1963,1500,1
64425053,1501,1539,1956,1500,1
64545005,1500,1541,1951,1500,1
64664957,1500,1538,1951,1500,1
64784909,1500,1532,1946,1500,1
64904861,1499,1530,1942,1500,1
65024813,1500,1534,1941,1500,1
65144765,1501,1538,1942,1500,1
65264717,1500,1542,1941,1500,1
65384669,1500,1542,1938,1500,1
65504621,1500,1540,1940,1500,1
65624573,1500,1537,1933,1500,1
65744525,1500,1535,1935,1500,1
65864477,1500,1532,1932,1500,1
65984429,1501,1533,1933,1500,1
66104381,1500,1533,1933,1500,1
66224333,1499,1537,1932,1500,1
66345118,1498,1537,1933,1501,1
66465070,1499,1537,1931,1500,1
66585022,1500,1535,1926,1500,1
66704974,1500,1533,1926,1500,1
66824926,1501,1536,1925,1500,1
66944878,1501,1538,1926,1500,1
67064830,1502,1480,1922,1499,1
67184782,1511,1505,1921,1495,1
67304734,1624,1527,1922,1439,1
67424686,1604,1521,1925,1448,1
67544638,1599,1517,1918,1451,1
67664590,1598,1524,1918,1451,1
67784542,1599,1528,1930,1451,1
67904494,1571,1519,1954,1465,1
68024446,1516,1495,1980,1492,1
68144398,1484,1463,1874,1508,1
68264350,1475,1455,1754,1512,1
68385135,1477,1470,1634,1511,1
68505087,1485,1497,1514,1507,1
68625039,1494,1527,1566,1503,1
68744991,1498,1551,1686,1500,1
68864943,1502,1564,1670,1499,1
68984895,1398,1570,1620,1551,1
69104847,1425,1581,1574,1537,1
69224799,1469,1603,1457,1515,1
69344751,1504,1614,1340,1498,1
69464703,1528,1605,1285,1486,1
69584655,1537,1579,1310,1482,1
69704607,1534,1542,1358,1484,1
69824559,1523,1497,1440,1489,1
69944511,1511,1463,1530,1495,1
70064463,1502,1444,1627,1499,1
70184415,1497,1442,1701,1501,1
70304367,1494,1452,1750,1503,1
70424319,1485,1469,1800,1507,1
70545104,1482,1488,1814,1509,1
70665056,1482,1504,1816,1508,1
70785008,1486,1517,1817,1507,1
70904960,1491,1526,1812,1504,1
71024912,1493,1528,1803,1503,1
71144864,1498,1524,1802,1500,1
71264816,1502,1516,1798,1499,1
71384768,1504,1512,1803,1498,1
71504720,1502,1513,1807,1499,1
71624672,1499,1515,1817,1500,1
71744624,1496,1520,1827,1502,1
71864576,1494,1525,1827,1503,1
71984528,1494,1526,1830,1503,1
72104480,1494,1528,1830,1503,1
72224432,1495,1526,1823,1502,1
72344384,1497,1526,1822,1501,1
72464336,1499,1525,1822,1500,1
72585121,1499,1525,1823,1500,1
72705073,1500,1525,1824,1500,1
72825025,1498,1528,1829,1501,1
72944977,1496,1532,1828,1502,1
73064929,1495,1533,1835,1502,1
73184881,1498,1531,1831,1500,1
73304833,1499,1529,1834,1500,1
73424785,1500,1527,1834,1500,1
73544737,1500,1530,1833,1500,1
73664689,1500,1532,1835,1500,1
73784641,1500,1534,1836,1500,1
73904593,1500,1534,1836,1500,1
74024545,1500,1532,1836,1500,1
74144497,1502,1530,1833,1499,1
74264449,1503,1529,1837,1499,1
74384401,1503,1530,1837,1499,1
74504353,1502,1531,1836,1499,1
74625138,1502,1531,1839,1499,1
74745090,1504,1532,1841,1498,1
74865042,1503,1533,1844,1499,1
74984994,1504,1532,1842,1498,1
75104946,1505,1529,1845,1498,1
75224898,1509,1527,1846,1496,1
75344850,1511,1527,1847,1495,1
75464802,1512,1532,1847,1495,1
75584754,1373,1536,1849,1563,1
75704706,1393,1543,1846,1553,1
75824658,1403,1547,1825,1548,1
75944610,1403,1544,1817,1548,1
76064562,1403,1535,1814,1548,1
76184514,1404,1522,1821,1548,1
76304466,1405,1509,1838,1547,1
76424418,1416,1496,1893,1542,1
76544370,1472,1479,1970,1514,1
76664322,1506,1453,1940,1497,1
76785107,1521,1437,1855,1490,1
76905059,1519,1451,1735,1491,1
77025011,1512,1480,1663,1494,1
77144963,1506,1503,1783,1497,1
77264915,1501,1522,1820,1500,1
77384867,1497,1533,1767,1501,1
77504819,1496,1535,1725,1502,1
77624771,1494,1532,1668,1503,1
77744723,1494,1525,1664,1503,1
77864675,1494,1519,1668,1503,1
77984627,1495,1513,1677,1502,1
78104579,1496,1509,1692,1502,1
78224531,1496,1505,1714,1502,1
78344483,1496,1504,1724,1502,1
78464435,1496,1505,1733,1502,1
78584387,1497,1505,1740,1501,1
78704339,1498,1507,1752,1501,1
78825124,1499,1502,1763,1500,1
78945076,1499,1499,1767,1500,1
79065028,1500,1497,1775,1500,1
79184980,1500,1497,1780,1500,1
79304932,1501,1499,1783,1500,1
79424884,1504,1500,1792,1498,1
79544836,1508,1501,1793,1496,1
79664788,1508,1505,1789,1496,1
79784740,1508,1511,1788,1496,1
79904692,1508,1516,1783,1496,1
80024644,1512,1521,1773,1494,1
80144596,1513,1525,1768,1494,1
80264548,1512,1526,1765,1494,1
80384500,1510,1525,1762,1496,1
80504452,1507,1521,1760,1497,1
80624404,1511,1519,1763,1495,1
80744356,1513,1517,1769,1494,1
80865141,1514,1518,1776,1493,1
80985093,1515,1521,1782,1493,1
81105045,1515,1523,1787,1493,1
81224997,1519,1524,1792,1491,1
81344949,1522,1527,1795,1489,1
81464901,1521,1529,1799,1490,1
81584853,1519,1529,1801,1491,1
81704805,1514,1528,1800,1493,1
81824757,1515,1526,1806,1493,1
81944709,1515,1526,1810,1493,1
82064661,1511,1525,1812,1495,1
82184613,1511,1524,1816,1495,1
82304565,1511,1525,1820,1495,1
82424517,1513,1529,1829,1494,1
82544469,1515,1531,1834,1493,1
82664421,1514,1530,1835,1493,1
82784373,1513,1529,1839,1494,1
82904325,1510,1526,1840,1495,1
83025110,1511,1528,1850,1495,1
83145062,1509,1529,1850,1496,1
83265014,1509,1529,1854,1496,1
83384966,1508,1531,1858,1496,1
83504918,1508,1532,1859,1496,1
83624870,1509,1532,1860,1496,1
83744822,1508,1532,1863,1496,1
83864774,1506,1529,1864,1497,1
83984726,1504,1526,1861,1498,1
84104678,1504,1525,1867,1498,1
84224630,1504,1526,1870,1498,1
84344582,1504,1531,1870,1498,1
84464534,1504,1535,1872,1498,1
84584486,1503,1535,1875,1499,1
84704438,1503,1534,1871,1499,1
84824390,1503,1529,1866,1499,1
84944342,1504,1525,1868,1498,1
85065127,1504,1524,1868,1499,1
85185079,1503,1528,1868,1499,1
85305031,1372,1535,1872,1564,1
85424983,1392,1540,1872,1554,1
85544935,1400,1540,1864,1550,1
85664887,1401,1532,1867,1549,1
85784839,1402,1519,1872,1549,1
85904791,1400,1503,1890,1550,1
86024743,1440,1487,1947,1530,1
86144695,1491,1467,2000,1504,1
86264647,1518,1446,1996,1491,1
86384599,1528,1443,1916,1486,1
86504551,1525,1465,1796,1488,1
86624503,1522,1502,1716,1489,1
86744455,1517,1537,1759,1492,1
86864407,1511,1563,1707,1495,1
86984359,1504,1577,1666,1498,1
87104311,1497,1582,1630,1501,1
87225096,1491,1579,1599,1504,1
87345048,1486,1553,1603,1507,1
87465000,1485,1524,1622,1507,1
87584952,1487,1499,1652,1506,1
87704904,1491,1484,1689,1504,1
87824856,1495,1474,1755,1502,1
87944808,1500,1472,1808,1500,1
88064760,1503,1474,1830,1499,1
88184712,1503,1481,1849,1499,1
88304664,1505,1491,1849,1498,1
88424616,1509,1504,1837,1496,1
88544568,1513,1519,1826,1494,1
88664520,1510,1532,1809,1495,1
88784472,1506,1540,1794,1497,1
88904424,1505,1542,1777,1498,1
89024376,1503,1539,1752,1499,1
89144328,1500,1532,1750,1500,1
89265113,1497,1524,1749,1501,1
89385065,1499,1517,1752,1500,1
89505017,1498,1515,1761,1500,1
89624969,1503,1514,1781,1499,1
89744921,1508,1515,1790,1496,1
89864873,1511,1516,1795,1495,1
89984825,1511,1518,1794,1495,1
90104777,1510,1523,1798,1495,1
90224729,1515,1530,1790,1493,1
90344681,1514,1534,1783,1493,1
90464633,1511,1546,1723,1495,1
90584585,1362,1558,1606,1569,1
90704537,1385,1560,1489,1557,1
90824489,1404,1553,1370,1548,1
90944441,1461,1514,1331,1519,1
91064393,1504,1455,1451,1498,1
91184345,1523,1415,1571,1489,1
91305130,1523,1410,1521,1489,1
91425082,1515,1435,1522,1493,1
91545034,1505,1469,1642,1498,1
91664986,1500,1500,1762,1500,1
91784938,1497,1517,1882,1501,1
91904890,1495,1526,2000,1502,1
92024842,1493,1526,1940,1503,1
92144794,1493,1523,1960,1503,1
92264746,1491,1512,1979,1504,1
92384698,1494,1496,1920,1503,1
92504650,1492,1477,2000,1504,1
92624602,1495,1459,1938,1502,1
92744554,1498,1452,1960,1501,1
92864506,1503,1452,1977,1499,1
92984458,1510,1479,1920,1495,1
93104410,1515,1513,2000,1493,1
93224362,1526,1545,1932,1487,1
93344314,1526,1564,1960,1487,1
93465099,1518,1564,1866,1492,1
93585051,1507,1558,1749,1497,1
93705003,1495,1552,1632,1502,1
93824955,1491,1555,1512,1504,1
93944907,1489,1559,1392,1505,1
94064859,1492,1561,1272,1504,1
94184811,1495,1561,1340,1502,1
94304763,1497,1552,1440,1501,1
94424715,1499,1536,1560,1500,1
94544667,1499,1523,1654,1500,1
94664619,1499,1515,1653,1500,1
94784571,1500,1500,1644,1500,1
94904523,1501,1485,1651,1500,1
95024475,1511,1488,1691,1495,1
95144427,1520,1502,1737,1490,1
95264379,1525,1519,1758,1488,1
95384331,1527,1530,1764,1487,1
95505116,1523,1537,1747,1489,1
95625068,1521,1540,1705,1490,1
95745020,1517,1540,1693,1492,1
95864972,1509,1537,1688,1496,1
95984924,1505,1531,1685,1498,1
96104876,1503,1526,1596,1499,1
96224828,1508,1525,1486,1496,1
96344780,1511,1535,1379,1495,1
96464732,1512,1547,1429,1494,1
96584684,1511,1553,1487,1495,1
96704636,1509,1543,1525,1496,1
96824588,1507,1521,1519,1497,1
96944540,1507,1506,1500,1497,1
97064492,1506,1502,1501,1497,1
97184444,1509,1509,1533,1496,1
97304396,1510,1504,1433,1500,1
97424348,1513,1508,1313,1500,1
97545133,1513,1529,1193,1500,1
97665085,1510,1552,1073,1500,1
97785037,1505,1567,1000,1500,1
97904989,1502,1567,1000,1500,1
98024941,1499,1542,1000,1500,1
98144893,1498,1502,1000,1500,1
98264845,1498,1466,1000,1500,1
98384797,1500,1444,1000,1500,1
98504749,1501,1443,1000,1500,1
98624701,1504,1462,1000,1500,1
98744653,1505,1490,1000,1500,1
98864605,1505,1516,1000,1500,1
98984557,1503,1531,1000,1500,1
99104509,1502,1528,1000,1500,1
99224461,1501,1506,1000,1499,1
99344413,1501,1475,1000,1499,1
99464365,1502,1444,1000,1499,1
99584317,1503,1424,1000,1499,1
99705102,1503,1418,1000,1499,1
99825054,1504,1423,1000,1499,1
99945006,1504,1439,1000,1498,1
100064958,1502,1460,1000,1498,1
100184910,1501,1477,1000,1498,1
100304862,1501,1482,1000,1498,1
100424814,1501,1472,1000,1498,1
100544766,1501,1449,1000,1498,1
100664718,1502,1422,1000,1497,1
100784670,1503,1398,1000,1497,1
100904622,1503,1384,1000,1497,1
101024574,1503,1381,1000,1497,1
101144526,1502,1390,1000,1496,1
101264478,1501,1409,1000,1496,1
101384430,1500,1427,1000,1496,1
101504382,1500,1438,1000,1496,1
101624334,1500,1436,1000,1496,1
101745119,1500,1418,1000,1495,1
101865071,1501,1390,1000,1495,1
101985023,1503,1364,1000,1495,1
102104975,1504,1347,1000,1495,1
102224927,1504,1337,1000,1494,1
102344879,1503,1338,1000,1494,1
102464831,1502,1348,1000,1494,1
102584783,1501,1361,1000,1493,1
102704735,1501,1372,1000,1493,1
102824687,1500,1376,1000,1493,1
102944639,1500,1366,1000,1492,1
103064591,1501,1344,1000,1492,1
103184543,1502,1316,1000,1492,1
103304495,1503,1288,1000,1492,1
103424447,1503,1262,1000,1491,1
103544399,1502,1250,1000,1491,1
103664351,1502,1254,1000,1491,1
103785136,1500,1271,1000,1490,1
103905088,1500,1294,1000,1490,1
104025040,1500,1316,1000,1490,1
104144992,1499,1325,1000,1490,1
104264944,1499,1315,1000,1490,1
104384896,1500,1288,1000,1489,1
104504848,1501,1250,1000,1489,1
104624800,1502,1199,1000,1489,1
104744752,1502,1161,1000,1489,1
104864704,1502,1146,1000,1488,1
104984656,1501,1155,1000,1488,1
105104608,1500,1184,1000,1488,1
105224560,1498,1227,1000,1488,1
105344512,1497,1265,1000,1488,1
105464464,1497,1283,1000,1488,1
105584416,1498,1272,1000,1487,1
105704368,1499,1237,1000,1487,1
105824320,1500,1173,1000,1487,1
105945105,1500,1100,1000,1487,1
106065057,1501,1100,1000,1487,1
106185009,1501,1100,1000,1486,1
106304961,1501,1100,1000,1486,1
106424913,1500,1100,1000,1486,1
106544865,1499,1100,1000,1486,1
106664817,1498,1100,1000,1486,1
106784769,1498,1100,1000,1486,1
106904721,1498,1100,1000,1486,1
107024673,1498,1100,1000,1486,1
107144625,1498,1100,1000,1486,1
107264577,1499,1100,1000,1486,1
107384529,1499,1100,1000,1486,1
107504481,1499,1100,1000,1486,1
107624433,1499,1100,1000,1486,1
107744385,1498,1100,1000,1486,1
107864337,1499,1100,1000,1486,1
107985122,1499,1100,1000,1486,1
108105074,1500,1100,1000,1486,1
108225026,1499,1100,1000,1486,1
108344978,1499,1100,1000,1486,1
108464930,1499,1100,1000,1486,1
108584882,1500,1100,1000,1486,1
108704834,1500,1100,1000,1486,1
108824786,1499,1100,1000,1486,1
108944738,1532,1100,1000,1486,1
109064690,1516,1100,1000,1486,1
109184642,1515,1100,1000,1486,1
109304594,1516,1100,1000,1486,1
109424546,1520,1100,1000,1485,1
109544498,1520,1100,1000,1485,1
109664450,1520,1100,1000,1484,1
109784402,1520,1100,1000,1484,1
109904354,1520,1100,1000,1483,1
110025139,1520,1100,1000,1483,1
110145091,1520,1100,1000,1482,1
110265043,1520,1100,1000,1481,1
110384995,1520,1100,1000,1480,1
110504947,1520,1100,1000,1479,1
110624899,1520,1100,1000,1478,1
110744851,1519,1100,1000,1477,1
110864803,1520,1100,1000,1476,1
110984755,1520,1100,1000,1474,1
111104707,1520,1100,1000,1472,1
111224659,1519,1100,1000,1470,1
111344611,1519,1100,1000,1468,1
111464563,1518,1100,1000,1466,1
111584515,1518,1100,1000,1463,1
111704467,1518,1100,1000,1460,1
111824419,1518,1100,1000,1456,1
111944371,1518,1100,1000,1453,1
112064323,1518,1100,1000,1448,1
112185108,1518,1100,1000,1444,1
112305060,1517,1100,1000,1439,1
112425012,1517,1100,1000,1432,1
112544964,1517,1100,1000,1426,1
112664916,1516,1100,1000,1419,1
112784868,1516,1100,1000,1411,1
112904820,1516,1114,1000,1403,1
113024772,1516,1163,1000,1392,1
113144724,1515,1204,1000,1381,1
113264676,1516,1242,1000,1369,1
113384628,1516,1280,1000,1355,1
113504580,1515,1306,1000,1342,1
113624532,1515,1309,1000,1340,1
113744484,1515,1309,1000,1338,1
113864436,1515,1309,1000,1335,1
113984388,1515,1309,1000,1334,1
114104340,1515,1309,1000,1331,1
114225125,1514,1309,1000,1328,1
114345077,1515,1309,1000,1324,1
114465029,1514,1309,1000,1322,1
114584981,1514,1309,1000,1319,1
114704933,1514,1309,1000,1317,1
114824885,1513,1309,1000,1315,1
114944837,1513,1308,1000,1314,1
115064789,1513,1308,1000,1312,1
115184741,1513,1308,1000,1311,1
115304693,1513,1308,1000,1310,1
115424645,1513,1308,1000,1307,1
115544597,1512,1308,1000,1305,1
115664549,1512,1308,1000,1303,1
115784501,1511,1306,1000,1304,1
115904453,1512,1306,1000,1300,1
116024405,1512,1306,1000,1296,1
116144357,1512,1306,1000,1296,1
116265142,1512,1306,1000,1293,1
116385094,1512,1305,1000,1289,1
116505046,1512,1306,1000,1289,1
116624998,1512,1305,1000,1282,1
116744950,1512,1305,1000,1282,1
116864902,1512,1305,1000,1278,1
116984854,1512,1305,1000,1273,1
117104806,1511,1305,1000,1273,1
117224758,1511,1305,1000,1268,1
117344710,1511,1305,1000,1264,1
117464662,1511,1305,1000,1261,1
117584614,1511,1305,1000,1256,1
117704566,1511,1305,1000,1254,1
117824518,1511,1305,1000,1246,1
117944470,1511,1305,1000,1241,1
118064422,1511,1304,1000,1238,1
118184374,1511,1304,1000,1235,1
118304326,1511,1304,1000,1229,1
118425111,1512,1305,1000,1217,1
118545063,1511,1305,1000,1216,1
118665015,1511,1305,1000,1213,1
118784967,1511,1305,1000,1206,1
118904919,1511,1305,1000,1202,1
119024871,1511,1305,1000,1191,1
119144823,1511,1305,1000,1187,1
119264775,1511,1305,1000,1182,1
119384727,1510,1305,1000,1181,1
119504679,1511,1306,1000,1495,0
119624631,1507,1317,1000,1497,0
119744583,1507,1317,1000,1497,0
119864535,1507,1318,1000,1497,0
119984487,1507,1318,1000,1497,0
120104439,1501,1100,1000,1500,0
120224391,1499,1100,1000,1500,0
120344343,1498,1100,1000,1501,0
120465128,1498,1100,1000,1501,0
120585080,1498,1100,1000,1501,0
120705032,1498,1100,1000,1501,0
120824984,1498,1100,1000,1501,0
120944936,1498,1100,1000,1501,0
121064888,1500,1500,1000,1500,0
121184840,1500,1500,1000,1500,0
121304792,1500,1500,1000,1500,0
121424744,1500,1500,1000,1500,0
121544696,1500,1500,1000,1500,0
121664648,1500,1500,1000,1500,0
121784600,1500,1500,1000,1500,0
121904552,1500,1500,1000,1500,0
122024504,1500,1500,1000,1500,0
122144456,1500,1500,1000,1500,0
122264408,1500,1500,1000,1500,0
122384360,1500,1500,1000,1500,0
122504312,1500,1500,1000,1500,0
122625097,1500,1500,1000,1500,0
122745049,1500,1500,1000,1500,0
122865001,1500,1500,1000,1500,0
122984953,1500,1500,1000,1500,0
123104905,1500,1500,1000,1500,0
123224857,1500,1500,1000,1500,0
123344809,1500,1500,1000,1500,0
123464761,1500,1500,1000,1500,0
123584713,1500,1500,1000,1500,0
123704665,1500,1500,1000,1500,0
123824617,1500,1500,1000,1500,0
123944569,1500,1500,1000,1500,0
124064521,1500,1500,1000,1500,0
124184473,1496,1416,1000,1502,0
124304425,1496,1580,1000,1502,0
124424377,1496,1604,1000,1502,0
124544329,1496,1608,1000,1502,0
124665114,1496,1608,1000,1502,0
124785066,1496,1608,1000,1502,0
124905018,1496,1609,1000,1502,0
125024970,1496,1609,1000,1502,0
125144922,1496,1609,1000,1502,0
125264874,1496,1609,1000,1502,0
125384826,1496,1609,1000,1502,0
125504778,1496,1609,1000,1502,0
125624730,1496,1609,1000,1502,0
125744682,1496,1609,1000,1502,0
125864634,1496,1609,1000,1502,0
125984586,1496,1609,1000,1502,0
126104538,1496,1609,1000,1502,0
126224490,1496,1609,1000,1502,0
126344442,1496,1609,1000,1502,1
126464394,1496,1609,1000,1502,1
126584346,1493,1633,1000,1503,1
126705131,1493,1633,1000,1503,1
126825083,1493,1633,1000,1503,1
126945035,1493,1633,1000,1503,1
127064987,1493,1633,1000,1503,1
127184939,1493,1633,1000,1648,1
127304891,1493,1100,1000,1648,1
127424843,1493,1100,1000,1648,1
127544795,1493,1100,1300,1648,1
127664747,1493,1100,1300,1648,1
127784699,1493,1100,1300,1648,1
127904651,1493,1100,1300,1648,1
128024603,1493,1100,1300,1648,1
128144555,1493,1100,1300,1648,1
128264507,1493,1100,1300,1648,1
128384459,1493,1100,1300,1648,1
128504411,1493,1100,1300,1648,1
128624363,1493,1100,1300,1648,1
128744315,1493,1100,1300,1648,1
128865100,1493,1100,1300,1648,1
128985052,1493,1100,1300,1648,1
129105004,1493,1100,1300,1648,1
129224956,1494,1100,1300,1648,1
129344908,1494,1100,1300,1648,1
129464860,1494,1100,1300,1648,1
129584812,1494,1100,1300,1648,1
129704764,1494,1100,1600,1503,1
129824716,1494,1100,1600,1503,1
129944668,1494,1100,1600,1503,1
130064620,1494,1100,1600,1503,1
130184572,1494,1100,1600,1503,1
130304524,1494,1100,1600,1503,1
130424476,1494,1100,1600,1503,1
130544428,1494,1100,1600,1502,1
130664380,1495,1100,1600,1502,1
130784332,1496,1100,1600,1502,1
130905117,1496,1100,1600,1502,1
131025069,1497,1100,1600,1501,1
131145021,1497,1100,1600,1501,1
131264973,1497,1100,2000,1501,1
131384925,1497,1100,2000,1501,1
131504877,1497,1100,2000,1501,1
131624829,1497,1100,2000,1501,1
131744781,1497,1100,2000,1501,1
131864733,1497,1100,2000,1501,1
131984685,1497,1100,2000,1501,1
132104637,1497,1100,2000,1501,1
132224589,1497,1100,2000,1501,1
132344541,1497,1100,2000,1501,1
132464493,1497,1100,2000,1501,1
132584445,1497,1100,2000,1501,1
132704397,1497,1103,2000,1501,1
132824349,1500,1296,2000,1500,1
132945134,1502,1501,2000,1499,1
133065086,1498,1640,2000,1501,1
133185038,1496,1682,2000,1502,1
133304990,1498,1644,2000,1501,1
133424942,1495,1575,2000,1502,1
133544894,1500,1503,2000,1500,1
133664846,1500,1460,2000,1500,1
133784798,1498,1449,2000,1501,1
133904750,1500,1581,2000,1500,1
134024702,1500,1772,2000,1500,1
134144654,1500,1733,2000,1500,1
134264606,1499,1629,2000,1500,1
134384558,1501,1522,2000,1500,1
134504510,1500,1453,2000,1500,1
134624462,1502,1432,2000,1499,1
134744414,1500,1451,2000,1500,1
134864366,1500,1489,2000,1500,1
134984318,1500,1525,2000,1500,1
135105103,1500,1539,2000,1500,1
135225055,1500,1511,1880,1500,1
135345007,1501,1495,1760,1500,1
135464959,1501,1507,1692,1500,1
135584911,1500,1538,1670,1500,1
135704863,1500,1565,1654,1500,1
135824815,1501,1585,1617,1500,1
135944767,1501,1591,1592,1500,1
136064719,1502,1586,1569,1499,1
136184671,1502,1567,1551,1499,1
136304623,1501,1534,1539,1500,1
136424575,1501,1509,1545,1500,1
136544527,1500,1503,1561,1500,1
136664479,1500,1511,1580,1500,1
136784431,1499,1528,1601,1500,1
136904383,1500,1540,1617,1500,1
137024335,1500,1545,1639,1500,1
137145120,1500,1538,1646,1500,1
137265072,1500,1527,1652,1500,1
137385024,1500,1517,1659,1500,1
137504976,1500,1511,1667,1500,1
137624928,1501,1517,1690,1500,1
137744880,1501,1526,1703,1500,1
137864832,1501,1535,1716,1500,1
137984784,1500,1537,1725,1500,1
138104736,1500,1533,1733,1500,1
138224688,1500,1523,1744,1500,1
138344640,1501,1515,1749,1500,1
138464592,1500,1515,1758,1500,1
138584544,1500,1523,1769,1500,1
138704496,1500,1530,1780,1500,1
138824448,1500,1532,1796,1500,1
138944400,1501,1531,1802,1500,1
139064352,1500,1528,1807,1500,1
139185137,1500,1524,1814,1500,1
139305089,1500,1519,1821,1500,1
139425041,1499,1515,1839,1500,1
139544993,1498,1515,1799,1500,1
139664945,1500,1521,1685,1500,1
139784897,1500,1539,1570,1500,1
139904849,1500,1558,1527,1500,1
140024801,1500,1576,1580,1500,1
140144753,1500,1574,1635,1500,1
140264705,1501,1543,1657,1500,1
140384657,1501,1506,1679,1500,1
140504609,1500,1481,1699,1500,1
140624561,1499,1467,1745,1500,1
140744513,1500,1480,1784,1500,1
140864465,1498,1510,1812,1501,1
140984417,1499,1541,1829,1500,1
141104369,1499,1558,1843,1500,1
141224321,1500,1550,1839,1500,1
141345106,1501,1532,1837,1500,1
141465058,1501,1512,1831,1500,1
141585010,1501,1504,1832,1500,1
141704962,1500,1510,1841,1500,1
141824914,1500,1527,1860,1500,1
141944866,1500,1541,1870,1500,1
142064818,1500,1544,1872,1500,1
142184770,1501,1537,1868,1500,1
142304722,1500,1524,1866,1500,1
142424674,1500,1517,1864,1500,1
142544626,1500,1519,1868,1500,1
142664578,1499,1528,1875,1500,1
142784530,1500,1537,1880,1500,1
142904482,1500,1543,1883,1500,1
143024434,1500,1540,1881,1500,1
143144386,1500,1533,1880,1500,1
143264338,1500,1527,1878,1500,1
143385123,1500,1524,1878,1500,1
143505075,1500,1527,1880,1500,1
143625027,1500,1533,1887,1500,1
143744979,1500,1537,1891,1500,1
143864931,1500,1537,1891,1500,1
143984883,1500,1535,1890,1500,1
144104835,1500,1532,1886,1500,1
144224787,1500,1529,1887,1500,1
144344739,1499,1529,1889,1500,1
144464691,1499,1532,1889,1500,1
144584643,1500,1534,1895,1500,1
144704595,1500,1537,1896,1500,1
144824547,1500,1537,1896,1500,1
144944499,1501,1535,1898,1500,1
145064451,1502,1532,1897,1499,1
145184403,1502,1530,1900,1499,1
145304355,1501,1528,1898,1500,1
145425140,1500,1530,1901,1500,1
145545092,1499,1533,1906,1500,1
145665044,1499,1535,1905,1500,1
145784996,1499,1534,1905,1500,1
145904948,1500,1534,1906,1500,1
146024900,1501,1533,1903,1500,1
146144852,1500,1532,1905,1500,1
146264804,1500,1531,1905,1500,1
146384756,1500,1531,1903,1500,1
146504708,1500,1533,1906,1500,1
146624660,1500,1535,1909,1500,1
146744612,1500,1534,1905,1500,1
146864564,1500,1533,1908,1500,1
146984516,1500,1533,1906,1500,1
147104468,1500,1533,1905,1500,1
147224420,1500,1533,1908,1500,1
147344372,1500,1531,1910,1500,1
147464324,1500,1529,1909,1500,1
147585109,1501,1529,1906,1500,1
147705061,1500,1532,1910,1500,1
147825013,1500,1534,1912,1500,1
147944965,1500,1533,1910,1500,1
148064917,1500,1534,1909,1500,1
148184869,1500,1534,1910,1500,1
148304821,1500,1534,1909,1500,1
148424773,1501,1534,1909,1500,1
148544725,1500,1531,1903,1500,1
148664677,1499,1530,1904,1500,1
148784629,1500,1532,1904,1500,1
148904581,1500,1536,1906,1500,1
149024533,1501,1537,1908,1500,1
149144485,1479,1533,1907,1510,1
149264437,1478,1526,1908,1511,1
149384389,1486,1521,1912,1507,1
149504341,1497,1520,1912,1501,1
149625126,1503,1523,1927,1499,1
149745078,1505,1527,1929,1498,1
149865030,1504,1531,1932,1498,1
149984982,1503,1533,1932,1499,1
150104934,1500,1531,1932,1500,1
150224886,1499,1529,1932,1500,1
150344838,1498,1527,1930,1501,1
150464790,1498,1528,1931,1501,1
150584742,1500,1530,1933,1500,1
150704694,1500,1533,1936,1500,1
150824646,1500,1533,1939,1500,1
150944598,1500,1531,1939,1500,1
151064550,1500,1527,1941,1500,1
151184502,1499,1525,1939,1500,1
151304454,1499,1527,1941,1500,1
151424406,1499,1531,1947,1500,1
151544358,1499,1532,1949,1500,1
151664310,1499,1531,1951,1500,1
151785095,1498,1531,1951,1501,1
151905047,1499,1528,1955,1500,1
152024999,1500,1529,1954,1500,1
152144951,1500,1530,1956,1500,1
152264903,1500,1531,1957,1500,1
152384855,1499,1531,1957,1500,1
152504807,1499,1531,1957,1500,1
152624759,1498,1529,1957,1501,1
152744711,1499,1530,1957,1500,1
152864663,1500,1531,1960,1500,1
152984615,1501,1529,1962,1500,1
153104567,1500,1528,1963,1500,1
153224519,1500,1528,1966,1500,1
153344471,1500,1531,1971,1500,1
153464423,1501,1533,1972,1500,1
153584375,1500,1532,1972,1500,1
153704327,1499,1531,1972,1500,1
153825112,1500,1533,1973,1500,1
153945064,1500,1534,1973,1500,1
154065016,1498,1534,1976,1501,1
154184968,1500,1532,1972,1500,1
154304920,1500,1530,1976,1500,1
154424872,1500,1529,1977,1500,1
154544824,1501,1530,1978,1500,1
154664776,1500,1530,1978,1500,1
154784728,1499,1530,1980,1500,1
154904680,1500,1533,1980,1500,1
155024632,1500,1533,1981,1500,1
155144584,1498,1533,1984,1501,1
155264536,1499,1531,1981,1500,1
155384488,1499,1531,1984,1500,1
155504440,1499,1531,1980,1500,1
155624392,1499,1533,1986,1500,1
155744344,1500,1532,1987,1500,1
155865129,1500,1532,1989,1500,1
155985081,1501,1530,1992,1500,1
156105033,1501,1530,1988,1500,1
156224985,1501,1530,1992,1500,1
156344937,1500,1531,1992,1500,1
156464889,1499,1531,1992,1500,1
156584841,1500,1532,1994,1500,1
156704793,1499,1534,1993,1500,1
156824745,1500,1536,1992,1500,1
156944697,1500,1538,1990,1500,1
157064649,1500,1533,1989,1500,1
157184601,1499,1530,1989,1500,1
157304553,1499,1529,1989,1500,1
157424505,1500,1531,1993,1500,1
157544457,1499,1535,1993,1500,1
157664409,1500,1536,1998,1500,1
157784361,1500,1534,1994,1500,1
157904313,1499,1532,1995,1500,1
158025098,1499,1529,1993,1500,1
158145050,1499,1529,1992,1500,1
158265002,1499,1530,1990,1500,1
158384954,1499,1533,1992,1500,1
158504906,1500,1536,1991,1500,1
158624858,1499,1537,1990,1500,1
158744810,1500,1535,1988,1500,1
158864762,1500,1531,1984,1500,1
158984714,1500,1529,1985,1500,1
159104666,1500,1529,1982,1500,1
159224618,1500,1533,1983,1500,1
159344570,1500,1535,1988,1500,1
159464522,1500,1537,1986,1500,1
159584474,1500,1536,1986,1500,1
159704426,1501,1532,1985,1500,1
159824378,1499,1532,1986,1500,1
159944330,1500,1532,1986,1500,1
160065115,1500,1531,1985,1500,1
160185067,1499,1531,1988,1500,1
160305019,1499,1531,1985,1500,1
160424971,1500,1532,1987,1500,1
160544923,1500,1532,1991,1500,1
160664875,1500,1532,1987,1500,1
160784827,1500,1530,1988,1500,1
160904779,1500,1531,1987,1500,1
161024731,1499,1534,1988,1500,1
161144683,1499,1537,1987,1500,1
161264635,1500,1535,1984,1500,1
161384587,1498,1535,1984,1501,1
161504539,1499,1534,1982,1500,1
161624491,1500,1532,1982,1500,1
161744443,1499,1530,1985,1500,1
161864395,1500,1532,1985,1500,1
161984347,1500,1532,1985,1500,1
162105132,1500,1535,1983,1500,1
162225084,1498,1536,1985,1500,1
162345036,1500,1536,1985,1500,1
162464988,1500,1534,1985,1500,1
162584940,1500,1529,1984,1500,1
162704892,1499,1527,1983,1500,1
162824844,1499,1527,1988,1500,1
162944796,1499,1532,1992,1500,1
163064748,1499,1534,1991,1500,1
163184700,1499,1536,1993,1500,1
163304652,1500,1535,1994,1500,1
163424604,1500,1533,1988,1500,1
163544556,1499,1529,1989,1500,1
163664508,1500,1529,1987,1500,1
163784460,1498,1531,1987,1501,1
163904412,1500,1533,1989,1500,1
164024364,1500,1536,1988,1500,1
164144316,1499,1535,1987,1500,1
164265101,1500,1533,1988,1500,1
164385053,1499,1531,1983,1500,1
164505005,1500,1528,1986,1500,1
164624957,1500,1530,1984,1500,1
164744909,1500,1532,1988,1500,1
164864861,1499,1533,1988,1500,1
164984813,1500,1532,1989,1500,1
165104765,1525,1452,1986,1488,1
165224717,1434,1516,1984,1533,1
165344669,1381,1517,1984,1559,1
165464621,1396,1523,1981,1552,1
165584573,1401,1537,1977,1549,1
165704525,1402,1547,1975,1549,1
165824477,1405,1547,2000,1547,1
165944429,1462,1526,1960,1519,1
166064381,1503,1495,1854,1499,1
166184333,1525,1479,1734,1488,1
166305118,1526,1481,1614,1487,1
166425070,1520,1502,1534,1490,1
166545022,1512,1529,1609,1495,1
166664974,1502,1550,1729,1499,1
166784926,1498,1564,1813,1501,1
166904878,1493,1570,1739,1503,1
167024830,1492,1574,1652,1504,1
167144782,1493,1561,1619,1503,1
167264734,1493,1539,1631,1503,1
167384686,1495,1520,1655,1502,1
167504638,1497,1504,1690,1501,1
167624590,1495,1491,1741,1502,1
167744542,1494,1479,1777,1503,1
167864494,1493,1473,1795,1503,1
167984446,1490,1469,1817,1505,1
168104398,1489,1471,1831,1505,1
168224350,1490,1473,1873,1505,1
168345135,1489,1477,1901,1505,1
168465087,1491,1480,1923,1504,1
168585039,1493,1477,1942,1503,1
168704991,1493,1476,1959,1503,1
168824943,1492,1471,1984,1504,1
168944895,1492,1473,1988,1504,1
169064847,1492,1477,1993,1504,1
169184799,1493,1481,2000,1503,1
169304751,1495,1480,1905,1502,1
169424703,1498,1491,1825,1501,1
169544655,1498,1511,1845,1501,1
169664607,1500,1528,1815,1500,1
169784559,1500,1532,1816,1500,1
169904511,1500,1528,1813,1500,1
170024463,1500,1515,1791,1500,1
170144415,1499,1506,1783,1500,1
170264367,1499,1501,1775,1500,1
170384319,1500,1502,1775,1500,1
170505104,1498,1502,1781,1500,1
170625056,1500,1503,1796,1500,1
170745008,1503,1501,1797,1499,1
170864960,1502,1501,1805,1500,1
170984912,1503,1502,1804,1499,1
171104864,1504,1504,1804,1498,1
171224816,1505,1506,1802,1498,1
171344768,1507,1511,1802,1497,1
171464720,1508,1515,1795,1496,1
171584672,1508,1518,1792,1496,1
171704624,1506,1520,1787,1497,1
171824576,1509,1521,1784,1496,1
171944528,1510,1521,1784,1495,1
172064480,1507,1521,1789,1497,1
172184432,1506,1519,1785,1497,1
172304384,1507,1517,1792,1497,1
172424336,1508,1515,1802,1496,1
172545121,1511,1515,1807,1495,1
172665073,1511,1516,1810,1495,1
172785025,1510,1519,1819,1495,1
172904977,1508,1521,1822,1496,1
173024929,1512,1523,1831,1494,1
173144881,1511,1525,1832,1495,1
173264833,1511,1527,1836,1495,1
173384785,1508,1527,1838,1496,1
173504737,1506,1527,1839,1497,1
173624689,1506,1526,1842,1497,1
173744641,1508,1525,1847,1496,1
173864593,1507,1527,1847,1497,1
173984545,1506,1529,1855,1497,1
174104497,1507,1528,1852,1497,1
174224449,1508,1528,1858,1496,1
174344401,1507,1528,1861,1497,1
174464353,1509,1529,1864,1496,1
174585138,1507,1529,1862,1497,1
174705090,1505,1531,1867,1498,1
174825042,1505,1530,1868,1498,1
174944994,1504,1529,1873,1498,1
175064946,1504,1527,1871,1498,1
175184898,1505,1527,1874,1498,1
175304850,1504,1527,1876,1498,1
175424802,1504,1530,1875,1498,1
175544754,1505,1532,1881,1498,1
175664706,1505,1534,1877,1498,1
175784658,1503,1534,1879,1499,1
175904610,1503,1530,1878,1499,1
176024562,1502,1528,1876,1499,1
176144514,1501,1526,1876,1500,1
176264466,1504,1528,1879,1498,1
176384418,1503,1531,1881,1499,1
176504370,1503,1535,1879,1499,1
176624322,1504,1538,1882,1498,1
176745107,1504,1541,1879,1498,1
176865059,1503,1538,1878,1499,1
176985011,1502,1532,1878,1499,1
177104963,1501,1526,1872,1500,1
177224915,1501,1525,1874,1500,1
177344867,1501,1528,1877,1500,1
177464819,1503,1533,1876,1499,1
177584771,1502,1536,1881,1499,1
177704723,1503,1537,1880,1499,1
177824675,1502,1534,1881,1499,1
177944627,1500,1530,1874,1500,1
178064579,1500,1528,1873,1500,1
178184531,1501,1531,1875,1500,1
178304483,1500,1533,1873,1500,1
178424435,1501,1535,1876,1500,1
178544387,1502,1536,1878,1499,1
178664339,1502,1535,1875,1499,1
178785124,1501,1532,1874,1500,1
178905076,1500,1528,1874,1500,1
179025028,1500,1529,1873,1500,1
179144980,1501,1531,1874,1500,1
179264932,1501,1533,1876,1500,1
179384884,1501,1533,1874,1500,1
179504836,1501,1533,1875,1500,1
179624788,1502,1533,1874,1499,1
179744740,1501,1534,1868,1500,1
179864692,1500,1533,1872,1500,1
179984644,1500,1532,1868,1500,1
180104596,1499,1532,1869,1500,1
180224548,1500,1533,1868,1500,1
180344500,1500,1534,1867,1500,1
180464452,1500,1534,1867,1500,1
180584404,1501,1533,1868,1500,1
180704356,1500,1530,1867,1500,1
180825141,1501,1531,1867,1500,1
180945093,1501,1531,1869,1500,1
181065045,1501,1530,1871,1500,1
181184997,1500,1531,1871,1500,1
181304949,1500,1532,1870,1500,1
181424901,1501,1533,1869,1500,1
181544853,1500,1534,1870,1500,1
181664805,1501,1536,1871,1500,1
181784757,1500,1537,1870,1500,1
181904709,1500,1536,1866,1500,1
182024661,1500,1532,1866,1500,1
182144613,1500,1530,1863,1500,1
182264565,1501,1530,1863,1500,1
182384517,1501,1532,1866,1500,1
182504469,1501,1533,1866,1500,1
182624421,1501,1533,1871,1500,1
182744373,1500,1533,1869,1500,1
182864325,1500,1532,1869,1500,1
182985110,1499,1532,1869,1500,1
183105062,1499,1531,1869,1500,1
183225014,1499,1532,1869,1500,1
183344966,1497,1532,1869,1501,1
183464918,1498,1534,1868,1500,1
183584870,1500,1537,1867,1500,1
183704822,1500,1537,1869,1500,1
183824774,1501,1535,1863,1500,1
183944726,1502,1531,1861,1499,1
184064678,1501,1531,1861,1500,1
184184630,1502,1533,1863,1499,1
184304582,1502,1536,1862,1499,1
184424534,1500,1535,1867,1500,1
184544486,1500,1532,1863,1500,1
184664438,1499,1531,1865,1500,1
184784390,1501,1530,1863,1500,1
184904342,1500,1530,1865,1500,1
185025127,1500,1532,1866,1500,1
185145079,1501,1536,1870,1500,1
185265031,1499,1537,1871,1500,1
185384983,1500,1533,1870,1500,1
185504935,1499,1531,1868,1500,1
185624887,1500,1530,1863,1500,1
185744839,1498,1531,1866,1501,1
185864791,1500,1533,1868,1500,1
185984743,1500,1535,1866,1500,1
186104695,1501,1535,1869,1500,1
186224647,1501,1534,1869,1500,1
186344599,1501,1534,1869,1500,1
186464551,1501,1534,1869,1500,1
186584503,1500,1534,1866,1500,1
186704455,1500,1533,1868,1500,1
186824407,1500,1533,1868,1500,1
186944359,1502,1534,1866,1499,1
187064311,1500,1532,1867,1500,1
187185096,1502,1533,1867,1500,1
187305048,1501,1531,1868,1500,1
187425000,1500,1532,1867,1500,1
187544952,1500,1533,1869,1500,1
187664904,1500,1533,1867,1500,1
187784856,1500,1531,1868,1500,1
187904808,1500,1531,1868,1500,1
188024760,1500,1533,1869,1500,1
188144712,1499,1535,1868,1500,1
188264664,1499,1536,1867,1500,1
188384616,1500,1536,1868,1500,1
188504568,1500,1535,1865,1500,1
188624520,1500,1532,1862,1500,1
188744472,1500,1532,1862,1500,1
188864424,1499,1532,1863,1500,1
188984376,1498,1533,1865,1500,1
189104328,1500,1535,1867,1500,1
189225113,1500,1534,1867,1500,1
189345065,1500,1533,1871,1500,1
189465017,1500,1532,1869,1500,1
189584969,1500,1531,1870,1500,1
189704921,1500,1532,1871,1500,1
189824873,1499,1533,1869,1500,1
189944825,1500,1533,1871,1500,1
190064777,1500,1535,1873,1500,1
190184729,1500,1536,1869,1500,1
190304681,1500,1533,1870,1500,1
190424633,1500,1532,1866,1500,1
190544585,1500,1531,1864,1500,1
190664537,1500,1533,1866,1500,1
190784489,1500,1534,1866,1500,1
190904441,1501,1534,1870,1500,1
191024393,1501,1533,1867,1500,1
191144345,1501,1532,1867,1500,1
191265130,1501,1532,1868,1500,1
191385082,1500,1532,1869,1500,1
191505034,1503,1533,1871,1499,1
191624986,1501,1535,1872,1500,1
191744938,1502,1535,1875,1499,1
191864890,1500,1533,1871,1500,1
191984842,1500,1533,1871,1500,1
192104794,1500,1530,1870,1500,1
192224746,1500,1530,1866,1500,1
192344698,1499,1531,1869,1500,1
192464650,1500,1535,1870,1500,1
192584602,1500,1536,1872,1500,1
192704554,1500,1536,1870,1500,1
192824506,1502,1533,1868,1500,1
192944458,1502,1532,1868,1500,1
193064410,1500,1531,1870,1500,1
193184362,1500,1532,1871,1500,1
193304314,1500,1531,1870,1500,1
193425099,1500,1533,1872,1500,1
193545051,1500,1533,1872,1500,1
193665003,1499,1535,1873,1500,1
193784955,1500,1534,1874,1500,1
193904907,1500,1534,1871,1500,1
194024859,1499,1532,1868,1500,1
194144811,1500,1531,1868,1500,1
194264763,1499,1533,1870,1500,1
194384715,1500,1533,1868,1500,1
194504667,1500,1533,1870,1500,1
194624619,1501,1535,1873,1500,1
194744571,1500,1536,1873,1500,1
194864523,1500,1533,1868,1500,1
194984475,1499,1532,1872,1500,1
195104427,1500,1529,1868,1500,1
195224379,1500,1532,1874,1500,1
195344331,1500,1534,1873,1500,1
195465116,1500,1535,1876,1500,1
195585068,1500,1535,1873,1500,1
195705020,1500,1533,1874,1500,1
195824972,1500,1530,1872,1500,1
195944924,1500,1528,1870,1500,1
196064876,1500,1530,1870,1500,1
196184828,1500,1533,1872,1500,1
196304780,1500,1537,1871,1500,1
196424732,1500,1537,1870,1500,1
196544684,1500,1534,1870,1500,1
196664636,1500,1533,1869,1500,1
196784588,1500,1532,1867,1500,1
196904540,1500,1533,1868,1500,1
197024492,1500,1533,1870,1500,1
197144444,1500,1534,1871,1500,1
197264396,1500,1537,1870,1500,1
197384348,1500,1537,1869,1500,1
197505133,1500,1537,1868,1500,1
197625085,1500,1535,1870,1500,1
197745037,1500,1531,1868,1500,1
197864989,1500,1529,1870,1500,1
197984941,1499,1531,1868,1500,1
198104893,1498,1532,1873,1501,1
198224845,1498,1535,1877,1501,1
198344797,1499,1535,1876,1500,1
198464749,1498,1532,1876,1500,1
198584701,1499,1530,1872,1500,1
198704653,1500,1528,1870,1500,1
198824605,1500,1532,1871,1500,1
198944557,1501,1537,1875,1500,1
199064509,1500,1538,1873,1500,1
199184461,1501,1535,1873,1500,1
199304413,1500,1532,1871,1500,1
199424365,1500,1529,1870,1500,1
199544317,1500,1531,1870,1500,1
199665102,1500,1533,1874,1500,1
199785054,1499,1535,1876,1500,1
199905006,1500,1535,1877,1500,1
200024958,1500,1534,1877,1500,1
200144910,1500,1533,1873,1500,1
200264862,1500,1532,1874,1500,1
200384814,1500,1531,1871,1500,1
200504766,1501,1530,1872,1500,1
200624718,1501,1530,1875,1500,1
200744670,1501,1530,1875,1500,1
200864622,1503,1530,1874,1499,1
200984574,1500,1531,1878,1500,1
201104526,1501,1535,1874,1500,1
201224478,1502,1536,1874,1499,1
201344430,1502,1536,1871,1499,1
201464382,1500,1533,1872,1500,1
201584334,1500,1530,1871,1500,1
201705119,1500,1531,1870,1500,1
201825071,1500,1534,1876,1500,1
201945023,1500,1535,1873,1500,1
202064975,1500,1536,1877,1500,1
202184927,1500,1535,1874,1500,1
202304879,1500,1534,1873,1500,1
202424831,1499,1532,1872,1500,1
202544783,1500,1530,1872,1500,1
202664735,1499,1531,1872,1500,1
202784687,1500,1534,1875,1500,1
202904639,1498,1537,1875,1500,1
203024591,1499,1537,1872,1500,1
203144543,1498,1536,1873,1501,1
203264495,1500,1535,1873,1500,1
203384447,1500,1531,1872,1500,1
203504399,1500,1529,1870,1500,1
203624351,1500,1530,1874,1500,1
203745136,1500,1531,1874,1500,1
203865088,1500,1534,1875,1500,1
203985040,1500,1533,1873,1500,1
204104992,1499,1531,1874,1500,1
204224944,1500,1529,1874,1500,1
204344896,1499,1530,1873,1500,1
204464848,1500,1529,1874,1500,1
204584800,1499,1532,1875,1500,1
204704752,1500,1534,1873,1500,1
204824704,1500,1535,1874,1500,1
204944656,1500,1536,1874,1500,1
205064608,1499,1536,1871,1500,1
205184560,1499,1535,1874,1500,1
205304512,1499,1532,1872,1500,1
205424464,1500,1531,1870,1500,1
205544416,1500,1531,1870,1500,1
205664368,1502,1531,1871,1500,1
205784320,1501,1531,1872,1500,1
205905105,1501,1535,1870,1500,1
206025057,1500,1536,1875,1500,1
206145009,1500,1535,1874,1500,1
206264961,1501,1532,1872,1500,1
206384913,1500,1528,1870,1500,1
206504865,1500,1527,1873,1500,1
206624817,1500,1527,1872,1500,1
206744769,1500,1531,1872,1500,1
206864721,1502,1536,1874,1499,1
206984673,1500,1540,1879,1500,1
207104625,1501,1538,1873,1500,1
207224577,1430,1537,1870,1535,1
207344529,1383,1537,1866,1558,1
207464481,1398,1536,1866,1551,1
207584433,1437,1533,1870,1531,1
207704385,1489,1525,1880,1505,1
207824337,1525,1520,1918,1488,1
207945122,1536,1520,1935,1482,1
208065074,1534,1524,1931,1483,1
208185026,1523,1533,1920,1489,1
208304978,1511,1541,1905,1495,1
208424930,1503,1540,1879,1499,1
208544882,1497,1537,1868,1501,1
208664834,1494,1531,1865,1503,1
208784786,1496,1524,1860,1502,1
208904738,1498,1521,1858,1501,1
209024690,1503,1523,1862,1499,1
209144642,1509,1527,1867,1496,1
209264594,1511,1533,1869,1495,1
209384546,1510,1534,1870,1495,1
209504498,1507,1533,1868,1497,1
209624450,1505,1531,1859,1498,1
209744402,1504,1528,1853,1498,1
209864354,1502,1528,1855,1499,1
209985139,1503,1531,1855,1499,1
210105091,1504,1533,1854,1499,1
210225043,1507,1534,1857,1497,1
210344995,1506,1531,1859,1497,1
210464947,1506,1529,1854,1497,1
210584899,1503,1529,1857,1499,1
210704851,1504,1531,1858,1498,1
210824803,1504,1533,1857,1498,1
210944755,1508,1533,1860,1496,1
211064707,1506,1534,1859,1497,1
211184659,1506,1532,1858,1497,1
211304611,1505,1532,1860,1498,1
211424563,1504,1529,1860,1498,1
211544515,1504,1529,1858,1498,1
211664467,1504,1529,1857,1498,1
211784419,1505,1533,1861,1498,1
211904371,1503,1536,1861,1499,1
212024323,1505,1535,1865,1498,1
212145108,1505,1532,1862,1498,1
212265060,1504,1528,1864,1498,1
212385012,1505,1526,1867,1498,1
212504964,1504,1527,1866,1498,1
212624916,1505,1531,1873,1498,1
212744868,1504,1534,1875,1498,1
212864820,1504,1535,1871,1498,1
212984772,1503,1534,1871,1499,1
213104724,1501,1531,1871,1500,1
213224676,1501,1529,1870,1500,1
213344628,1501,1528,1868,1500,1
213464580,1501,1532,1872,1500,1
213584532,1501,1537,1875,1500,1
213704484,1502,1540,1876,1499,1
213824436,1504,1537,1874,1498,1
213944388,1503,1530,1873,1499,1
214064340,1502,1525,1872,1500,1
214185125,1502,1526,1872,1499,1
214305077,1501,1530,1876,1500,1
214425029,1502,1534,1884,1499,1
214544981,1501,1535,1881,1500,1
214664933,1502,1534,1882,1499,1
214784885,1501,1532,1878,1500,1
214904837,1501,1530,1880,1500,1
215024789,1501,1529,1877,1500,1
215144741,1501,1532,1879,1500,1
215264693,1380,1535,1878,1560,1
215384645,1391,1536,1879,1554,1
215504597,1401,1533,1880,1549,1
215624549,1402,1527,1893,1549,1
215744501,1403,1515,1912,1548,1
215864453,1404,1500,1947,1548,1
215984405,1458,1481,2000,1521,1
216104357,1500,1456,1907,1500,1
216225142,1522,1443,1787,1489,1
216345094,1526,1462,1667,1487,1
216465046,1523,1491,1548,1489,1
216584998,1516,1521,1628,1492,1
216704950,1509,1547,1748,1496,1
216824902,1504,1567,1773,1499,1
216944854,1496,1570,1698,1502,1
217064806,1491,1556,1644,1504,1
217184758,1488,1534,1624,1506,1
217304710,1489,1517,1630,1505,1
217424662,1490,1506,1672,1505,1
217544614,1493,1497,1728,1503,1
217664566,1496,1487,1764,1502,1
217784518,1497,1477,1796,1501,1
217904470,1497,1473,1818,1501,1
218024422,1498,1473,1839,1500,1
218144374,1500,1480,1841,1500,1
218264326,1502,1494,1841,1500,1
218385111,1503,1506,1839,1499,1
218505063,1506,1517,1835,1497,1
218625015,1506,1525,1816,1497,1
218744967,1505,1528,1805,1498,1
218864919,1503,1529,1788,1499,1
218984871,1500,1527,1780,1500,1
219104823,1499,1524,1773,1500,1
219224775,1500,1522,1770,1500,1
219344727,1500,1519,1774,1500,1
219464679,1501,1518,1776,1500,1
219584631,1502,1516,1782,1499,1
219704583,1502,1517,1788,1499,1
219824535,1507,1517,1790,1497,1
219944487,1508,1521,1787,1496,1
220064439,1510,1524,1786,1495,1
220184391,1510,1527,1785,1495,1
220304343,1509,1529,1785,1496,1
220425128,1510,1528,1775,1495,1
220545080,1510,1527,1775,1495,1
220665032,1509,1527,1773,1496,1
220784984,1508,1528,1773,1496,1
220904936,1508,1540,1673,1496,1
221024888,1369,1558,1553,1565,1
221144840,1390,1561,1433,1555,1
221264792,1421,1543,1313,1539,1
221384744,1474,1489,1359,1513,1
221504696,1510,1433,1479,1495,1
221624648,1526,1404,1512,1487,1
221744600,1522,1409,1442,1489,1
221864552,1511,1439,1502,1495,1
221984504,1501,1475,1622,1500,1
222104456,1497,1502,1742,1501,1
222224408,1497,1517,1862,1501,1
222344360,1496,1525,1982,1502,1
222464312,1495,1525,1963,1502,1
222585097,1494,1521,2000,1503,1
222705049,1495,1516,1962,1502,1
222825001,1495,1498,1980,1502,1
222944953,1494,1478,2000,1503,1
223064905,1497,1465,1960,1501,1
223184857,1499,1457,2000,1500,1
223304809,1502,1457,1959,1499,1
223424761,1514,1461,1980,1493,1
223544713,1522,1491,1996,1489,1
223664665,1531,1528,1952,1485,1
223784617,1530,1559,2000,1485,1
223904569,1527,1576,1941,1487,1
224024521,1520,1575,1824,1490,1
224144473,1506,1566,1705,1497,1
224264425,1492,1556,1585,1504,1
224384377,1486,1551,1465,1506,1
224504329,1487,1550,1345,1506,1
224625114,1493,1556,1233,1503,1
224745066,1498,1560,1273,1501,1
224865018,1501,1561,1364,1500,1
224984970,1502,1549,1484,1499,1
225104922,1501,1534,1604,1500,1
225224874,1501,1517,1650,1500,1
225344826,1502,1493,1643,1499,1
225464778,1507,1474,1645,1497,1
225584730,1511,1470,1671,1495,1
225704682,1518,1489,1708,1491,1
225824634,1536,1516,1756,1483,1
225944586,1542,1539,1755,1480,1
226064538,1537,1552,1732,1482,1
226184490,1526,1552,1652,1487,1
226304442,1512,1545,1558,1494,1
226424394,1505,1540,1450,1498,1
226544346,1500,1540,1340,1500,1
226665131,1499,1543,1391,1500,1
226785083,1500,1543,1458,1500,1
226905035,1502,1534,1507,1499,1
227024987,1510,1515,1522,1496,1
227144939,1514,1502,1505,1493,1
227264891,1515,1503,1494,1493,1
227384843,1516,1514,1515,1492,1
227504795,1515,1528,1542,1493,1
227624747,1515,1536,1567,1493,1
227744699,1512,1537,1557,1494,1
227864651,1509,1533,1543,1496,1
227984603,1505,1513,1463,1500,1
228104555,1505,1500,1343,1499,1
228224507,1501,1500,1223,1499,1
228344459,1500,1519,1103,1499,1
228464411,1499,1542,1000,1499,1
228584363,1499,1558,1000,1499,1
228704315,1500,1556,1000,1499,1
228825100,1500,1529,1000,1499,1
228945052,1501,1493,1000,1498,1
229065004,1501,1460,1000,1498,1
229184956,1502,1443,1000,1498,1
229304908,1502,1444,1000,1498,1
229424860,1502,1462,1000,1498,1
229544812,1502,1488,1000,1498,1
229664764,1502,1511,1000,1498,1
229784716,1500,1525,1000,1498,1
229904668,1500,1522,1000,1498,1
230024620,1500,1500,1000,1497,1
230144572,1500,1470,1000,1497,1
230264524,1501,1440,1000,1497,1
230384476,1502,1420,1000,1497,1
230504428,1503,1414,1000,1497,1
230624380,1502,1420,1000,1497,1
230744332,1500,1438,1000,1497,1
230865117,1500,1459,1000,1496,1
230985069,1499,1474,1000,1496,1
231105021,1499,1476,1000,1496,1
231224973,1500,1462,1000,1496,1
231344925,1500,1438,1000,1496,1
231464877,1501,1411,1000,1496,1
231584829,1502,1388,1000,1495,1
231704781,1503,1375,1000,1495,1
231824733,1502,1374,1000,1495,1
231944685,1500,1386,1000,1495,1
232064637,1500,1407,1000,1495,1
232184589,1499,1431,1000,1495,1
232304541,1498,1446,1000,1494,1
232424493,1498,1450,1000,1494,1
232544445,1500,1431,1000,1494,1
232664397,1500,1397,1000,1494,1
232784349,1503,1357,1000,1493,1
232905134,1504,1321,1000,1493,1
233025086,1504,1294,1000,1493,1
233145038,1503,1289,1000,1493,1
233264990,1501,1305,1000,1492,1
233384942,1500,1336,1000,1492,1
233504894,1500,1369,1000,1492,1
233624846,1498,1397,1000,1492,1
233744798,1498,1401,1000,1492,1
233864750,1499,1380,1000,1492,1
233984702,1500,1338,1000,1491,1
234104654,1502,1286,1000,1491,1
234224606,1503,1228,1000,1491,1
234344558,1503,1192,1000,1491,1
234464510,1502,1188,1000,1490,1
234584462,1501,1214,1000,1490,1
234704414,1500,1261,1000,1490,1
234824366,1497,1319,1000,1490,1
234944318,1496,1360,1000,1490,1
235065103,1497,1370,1000,1490,1
235185055,1498,1343,1000,1490,1
235305007,1500,1287,1000,1489,1
235424959,1501,1200,1000,1489,1
235544911,1502,1115,1000,1489,1
235664863,1502,1100,1000,1489,1
235784815,1502,1100,1000,1489,1
235904767,1501,1100,1000,1489,1
236024719,1499,1125,1000,1489,1
236144671,1496,1195,1000,1489,1
236264623,1496,1264,1000,1488,1
236384575,1497,1309,1000,1488,1
236504527,1498,1310,1000,1488,1
236624479,1498,1261,1000,1488,1
236744431,1500,1169,1000,1488,1
236864383,1500,1100,1000,1488,1
236984335,1501,1100,1000,1488,1
237105120,1502,1100,1000,1488,1
237225072,1501,1100,1000,1488,1
237345024,1500,1100,1000,1488,1
237464976,1499,1100,1000,1488,1
237584928,1498,1100,1000,1488,1
237704880,1498,1100,1000,1488,1
237824832,1498,1100,1000,1488,1
237944784,1498,1100,1000,1488,1
238064736,1499,1100,1000,1488,1
238184688,1500,1100,1000,1488,1
238304640,1500,1100,1000,1488,1
238424592,1498,1100,1000,1488,1
238544544,1499,1100,1000,1488,1
238664496,1576,1100,1000,1488,1
238784448,1518,1100,1000,1488,1
238904400,1518,1100,1000,1488,1
239024352,1521,1100,1000,1488,1
239145137,1524,1100,1000,1487,1
239265089,1526,1100,1000,1487,1
239385041,1526,1100,1000,1486,1
239504993,1527,1100,1000,1486,1
239624945,1527,1100,1000,1485,1
239744897,1528,1100,1000,1484,1
239864849,1528,1100,1000,1483,1
239984801,1529,1100,1000,1482,1
240104753,1529,1100,1000,1481,1
240224705,1529,1100,1000,1480,1
240344657,1530,1100,1000,1478,1
240464609,1530,1100,1000,1477,1
240584561,1530,1100,1000,1475,1
240704513,1530,1100,1000,1473,1
240824465,1531,1100,1000,1471,1
240944417,1530,1100,1000,1468,1
241064369,1530,1100,1000,1465,1
241184321,1530,1100,1000,1462,1
241305106,1530,1100,1000,1459,1
241425058,1530,1100,1000,1454,1
241545010,1530,1100,1000,1449,1
241664962,1529,1100,1000,1444,1
241784914,1529,1100,1000,1439,1
241904866,1530,1100,1000,1432,1
242024818,1530,1100,1000,1424,1
242144770,1529,1100,1000,1416,1
242264722,1530,1100,1000,1407,1
242384674,1530,1100,1000,1397,1
242504626,1529,1100,1000,1386,1
242624578,1529,1100,1000,1372,1
242744530,1529,1113,1000,1358,1
242864482,1529,1153,1000,1342,1
242984434,1529,1190,1000,1335,1
243104386,1528,1229,1000,1333,1
243224338,1528,1283,1000,1329,1
243345123,1528,1314,1000,1327,1
243465075,1527,1321,1000,1324,1
243585027,1527,1322,1000,1321,1
243704979,1527,1322,1000,1317,1
243824931,1526,1322,1000,1314,1
243944883,1527,1322,1000,1309,1
244064835,1527,1322,1000,1305,1
244184787,1526,1322,1000,1302,1
244304739,1526,1322,1000,1297,1
244424691,1526,1322,1000,1291,1
244544643,1526,1322,1000,1285,1
244664595,1526,1322,1000,1283,1
244784547,1526,1322,1000,1280,1
244904499,1526,1322,1000,1278,1
245024451,1525,1322,1000,1274,1
245144403,1525,1322,1000,1272,1
245264355,1525,1322,1000,1268,1
245385140,1525,1322,1000,1265,1
245505092,1525,1322,1000,1262,1
245625044,1525,1321,1000,1257,1
245744996,1525,1321,1000,1253,1
245864948,1525,1321,1000,1249,1
245984900,1525,1320,1000,1245,1
246104852,1525,1320,1000,1242,1
246224804,1525,1319,1000,1233,1
246344756,1525,1319,1000,1231,1
246464708,1525,1319,1000,1225,1
246584660,1525,1319,1000,1219,1
246704612,1525,1318,1000,1217,1
246824564,1525,1318,1000,1207,1
246944516,1525,1318,1000,1200,1
247064468,1525,1318,1000,1197,1
247184420,1525,1318,1000,1188,1
247304372,1525,1318,1000,1186,1
247424324,1525,1317,1000,1173,1
247545109,1525,1317,1000,1168,1
247665061,1525,1317,1000,1160,1
247785013,1525,1317,1000,1153,1
247904965,1525,1317,1000,1145,1
248024917,1525,1317,1000,1134,1
248144869,1525,1317,1000,1121,1
248264821,1525,1317,1000,1114,1
248384773,1525,1317,1000,1103,1
248504725,1525,1317,1000,1100,1
248624677,1525,1318,1000,1100,1
248744629,1525,1319,1000,1100,1
248864581,1525,1319,1000,1100,1
248984533,1526,1319,1000,1100,1
249104485,1525,1319,1000,1100,0
249224437,1516,1330,1000,1492,0
249344389,1517,1330,1000,1492,0
249464341,1517,1330,1000,1492,0
249585126,1517,1330,1000,1492,0
249705078,1517,1330,1000,1492,0
249825030,1517,1330,1000,1492,0
249944982,1517,1331,1000,1492,0
250064934,1516,1331,1000,1492,0
250184886,1516,1331,1000,1492,0
250304838,1515,1331,1000,1493,0
250424790,1514,1331,1000,1493,0
250544742,1513,1331,1000,1494,0
250664694,1512,1331,1000,1494,0
250784646,1512,1331,1000,1494,0
250904598,1511,1331,1000,1495,0
251024550,1511,1331,1000,1495,0
251144502,1510,1331,1000,1495,0
251264454,1509,1331,1000,1496,0
251384406,1509,1331,1000,1496,0
251504358,1509,1331,1000,1496,0
251624310,1508,1331,1000,1496,0
251745095,1507,1331,1000,1497,0
251865047,1508,1331,1000,1496,0
251984999,1508,1331,1000,1496,0
